{"cameraMode":{"drawMode":0,"name":"Shaded","section":"Shading Mode"},"sceneLighting":false,"audioPlay":false,"sceneViewState":{"m_AlwaysRefresh":false,"showFog":true,"showSkybox":true,"showFlares":true,"showImageEffects":true,"showParticleSystems":true,"showVisualEffectGraphs":true,"m_FxEnabled":true},"in2DMode":false,"pivot":{"x":8.192831993103028,"y":6.990419387817383,"z":-2.509310722351074},"rotation":{"x":-0.05269743502140045,"y":0.057485125958919528,"z":-0.0030384608544409277,"w":-0.9969490170478821},"size":11.962089538574219,"orthographic":true}